{
  "Walls": {
    "altitude": 0,
    "height": 1,
    "color": "#ffffff",
    "opacity": 1,
    "width": 0.1,
    "lineStrings": [
      "o_4e98305e3cf1d9cc",
      "o_98305e3cf1d9cc15",
      "o_05e3cf1d9cc157c6",
      "o_c692b5762bcb797a",
      "o_692b5762bcb797ad",
      "o_92b5762bcb797ad5",
      "o_5762bcb797ad50d8",
      "o_2bcb797ad50d8059",
      "o_b797ad50d8059651",
      "o_97ad50d8059651a9",
      "o_7b601b7b508f7316",
      "o_01b7b508f7316462",
      "o_7b508f7316462705",
      "o_8f7316462705e651",
      "o_7316462705e6511b",
      "o_6462705e6511b5a2",
      "o_62705e6511b5a2bf",
      "o_705e6511b5a2bf1f",
      "o_e6511b5a2bf1fbe4",
      "o_511b5a2bf1fbe432"
    ]
  },
  "ExteriorWalls": {
    "altitude": 0,
    "height": 1.25,
    "color": "#ffffff",
    "opacity": 1,
    "width": 0.15,
    "lineStrings": [
      "o_267d5175b7d634e9",
      "o_67d5175b7d634e98",
      "o_7d5175b7d634e983",
      "o_d5175b7d634e9830",
      "o_5175b7d634e98305",
      "o_175b7d634e98305e",
      "o_75b7d634e98305e3",
      "o_5b7d634e98305e3c",
      "o_b7d634e98305e3cf",
      "o_7d634e98305e3cf1",
      "o_d634e98305e3cf1d",
      "o_634e98305e3cf1d9",
      "o_34e98305e3cf1d9c",
      "o_e98305e3cf1d9cc1",
      "o_8305e3cf1d9cc157",
      "o_305e3cf1d9cc157c",
      "o_5e3cf1d9cc157c69",
      "o_e3cf1d9cc157c692",
      "o_3cf1d9cc157c692b",
      "o_cf1d9cc157c692b5",
      "o_f1d9cc157c692b57",
      "o_1d9cc157c692b576",
      "o_d9cc157c692b5762",
      "o_9cc157c692b5762b",
      "o_cc157c692b5762bc",
      "o_c157c692b5762bcb",
      "o_157c692b5762bcb7",
      "o_57c692b5762bcb79",
      "o_7c692b5762bcb797",
      "o_2b5762bcb797ad50",
      "o_b5762bcb797ad50d",
      "o_762bcb797ad50d80",
      "o_62bcb797ad50d805",
      "o_bcb797ad50d80596",
      "o_cb797ad50d805965",
      "o_797ad50d8059651a",
      "o_7ad50d8059651a98",
      "o_ad50d8059651a982",
      "o_d50d8059651a982d",
      "o_50d8059651a982d7",
      "o_0d8059651a982d7f",
      "o_d8059651a982d7f8",
      "o_8059651a982d7f87",
      "o_059651a982d7f878",
      "o_59651a982d7f878c",
      "o_9651a982d7f878c3",
      "o_651a982d7f878c33",
      "o_51a982d7f878c338",
      "o_1a982d7f878c338d",
      "o_a982d7f878c338dc",
      "o_982d7f878c338dc2",
      "o_82d7f878c338dc24",
      "o_2d7f878c338dc24f",
      "o_d7f878c338dc24fe",
      "o_7f878c338dc24fe8",
      "o_f878c338dc24fe89",
      "o_878c338dc24fe899",
      "o_78c338dc24fe8997",
      "o_8c338dc24fe8997b",
      "o_c338dc24fe8997b6",
      "o_338dc24fe8997b60",
      "o_38dc24fe8997b601",
      "o_8dc24fe8997b601b",
      "o_dc24fe8997b601b7",
      "o_c24fe8997b601b7b",
      "o_24fe8997b601b7b5",
      "o_4fe8997b601b7b50",
      "o_8997b601b7b508f7",
      "o_b601b7b508f73164",
      "o_601b7b508f731646",
      "o_1b7b508f73164627",
      "o_b7b508f731646270",
      "o_b508f7316462705e",
      "o_508f7316462705e6",
      "o_f7316462705e6511",
      "o_316462705e6511b5",
      "o_462705e6511b5a2b",
      "o_2705e6511b5a2bf1",
      "o_05e6511b5a2bf1fb",
      "o_5e6511b5a2bf1fbe",
      "o_6511b5a2bf1fbe43"
    ]
  },
  "Rooms": {
    "altitude": 0,
    "height": 0.1,
    "color": "#f5f5f5",
    "opacity": 1,
    "polygons": [
      "s_6c0f03e097302bc2",
      "s_c0f03e097302bc23",
      "s_0f03e097302bc230",
      "s_f03e097302bc2307"
    ]
  },
  "InaccessibleRooms": {
    "altitude": 0,
    "height": 0.9,
    "color": "#ededed",
    "opacity": 1,
    "polygons": [
      "s_03e097302bc23077",
      "s_3e097302bc23077e",
      "s_e097302bc23077eb",
      "s_097302bc23077eb2",
      "s_97302bc23077eb26",
      "s_7302bc23077eb267",
      "s_302bc23077eb267d",
      "s_02bc23077eb267d5",
      "s_2bc23077eb267d51",
      "s_bc23077eb267d517",
      "s_c23077eb267d5175",
      "s_23077eb267d5175b",
      "s_3077eb267d5175b7",
      "s_077eb267d5175b7d",
      "s_77eb267d5175b7d6",
      "s_7eb267d5175b7d63",
      "s_eb267d5175b7d634",
      "s_b267d5175b7d634e"
    ]
  },
  "Hallways": {
    "altitude": 0,
    "height": 0.1,
    "color": "#ffffff",
    "opacity": 1,
    "polygons": []
  },
  "InaccessibleHallways": {
    "altitude": 0,
    "height": 0.1,
    "color": "#ffffff",
    "opacity": 1,
    "polygons": []
  },
  "Desks": {
    "altitude": 0,
    "height": 0.5,
    "color": "#cecece",
    "opacity": 1,
    "polygons": []
  }
}